,address,company,company_location,job_link,job_title,lat,lng,quick_apply
0,"400 S El Camino Real Suite 800, San Mateo, CA 94402, USA",AtScale,"San Mateo, CA 94402 (Beresford area)",http://indeed.com//rc/clk?jk=c56e571b121cfa17&fccid=02837850fece8915,Technical Support Engineer - West,37.561844,-122.32528,No easy apply
1,"2207 Bridgepointe Pkwy, San Mateo, CA 94404, USA",Sony Interactive Entertainment PlayStation,"San Mateo, CA",http://indeed.com//rc/clk?jk=e5c77b6096033d7b&fccid=dc156e4b91443100,Network Services Support Specialist (contract),37.5616291,-122.284209, Easily apply
2,"2207 Bridgepointe Pkwy, San Mateo, CA 94404, USA",Sony Interactive Entertainment PlayStation,"San Mateo, CA",http://indeed.com//rc/clk?jk=21581dad53126770&fccid=dc156e4b91443100,"Technology Engineer & CG Support Specialist, Contract",37.5616291,-122.284209, Easily apply
3,"1360 Rollins Rd, Burlingame, CA 94010, USA",W.W. Grainger Inc.,"Burlingame, CA",http://indeed.com//company/Grainger/jobs/Stock-Customer-Service-Osa-26ea7bee552011a3?fccid=68bc43ebf2f50281,"Stock/Customer Service-OSA-Burlingame, CA",37.591095,-122.3660661, Easily apply
4,"919 E Hillsdale Blvd 4th Floor, Foster City, CA 94404, USA",Qualys,"Foster City, CA",http://indeed.com//rc/clk?jk=af9eb465ff37bb3e&fccid=230fd3df850fa242,"Senior Technical Support Engineer, Security Applications",37.55568299999999,-122.276914,No easy apply
5,"1 Lagoon Dr, Redwood City, CA 94065, USA",Equinix,"Redwood City, CA 94065",http://indeed.com//rc/clk?jk=21835d8a983c4d62&fccid=e15d9e27876d9dc3,Global Solutions Architect,37.527412,-122.26131,No easy apply
6,"501 Island Pkwy, Belmont, CA 94002, USA",Oracle,"Belmont, CA",http://indeed.com//rc/clk?jk=1cc0ee474b54ac9b&fccid=cd22d01053af7669,Senior Cloud Network Capacity Analyst,37.5305081,-122.2689284,No easy apply
7,,"NextDeavor, Inc.","Foster City, CA 94404",http://indeed.com//rc/clk?jk=b6fb2898e39fa82b&fccid=2a9b76f163743e67,Technical Support Specialist III (Bio/Pharma),,, Easily apply
8,"700 Corporate Center Dr, Pomona, CA 91768, USA",PSC Biotech,"San Mateo, CA",http://indeed.com//company/PSC-Biotech/jobs/Technical-Writer-5c21d16f11085bdd?fccid=ab6e7d3351219c82,Technical Writer (21 CFR Part 11),34.0634469,-117.799565, Easily apply
9,"450 Concar Dr, San Mateo, CA 94402, USA","Medallia, Inc.","San Mateo, CA",http://indeed.com//rc/clk?jk=9c32c83e4e9a1d61&fccid=da1c713f8d71846e,Technical Support Agent,37.5534673,-122.3059127,No easy apply
10,"901 Mariners Island Blvd, San Mateo, CA 94404, USA",Marketo,"San Mateo, CA 94401",http://indeed.com//pagead/clk?mo=r&ad=-6NYlbfkN0CDHA0cskWDw6ulROxA-XhgOwJzoznJz3OnEaqWXpfqA2G-Ljngt75sS5ZUfEhagVkd6-ZalNSWulLnimO_rM-IuUhBGJWmLzB-WD5ckw9f2BR5mMEI7BH6ZF2VZ1OYc0aXoAwApcnc-_jMkBDppipAWIIsweG4PD-JaLD-Hcf4D9iAzNaTfUopqT5qKWJqDUlEDZTPRYeVOPFjk5aCDCnppIa78Q99mOwfs6RPy0kYNsbKVrK5oEkUBnrGyNNB5303NI8AAKoo_Qnh5fG0RQ8A_NphQV6tZM9yW0aorMVErRqOHBVx2Tn8kU46WjGnyKJJK63_939AhxZOlO7i9GhbKVM9pc9UBCiXFK-_EwQ9fLNwidcoU32lh7ZnZnEdXwGMqZVMapXqM3yhvv6RoT6q_2eNVOnc_le2sN1CtuEoNg==&p=1&sk=&fvj=0,Elite Technical Support Engineer,37.5598266,-122.2870157,No easy apply
11,"177 Butcher Rd b, Vacaville, CA 95687, USA",Alois Staffing,"Foster City, CA",http://indeed.com//pagead/clk?mo=r&ad=-6NYlbfkN0AicyjOaq3aQt51-LWylxn7czz475Eld8pRjoSD8bSrmo51_lEXZmKGCQ4hxw1M7FScHdJ3q34qGLSr5rh5k374Y99fLE6gGoJLPgTa-r5078_TyFzkS6--LqOUANshMGgiX2TXEYUtUV897HhF_Q5NrMFyOatwbC62lxbxjWsGepAhZBfnsEoukggGdH9m-4sy_kEKauje_nEVWfQ40yP28pUbny3AVvWRIykLDkUS5UnVjP9h8jr2FYK3CHAjh20sCvlXlcfHHWErTWt7N7vMImzPlfSm9YOXdLcEonSxyiUqydAUnDazxe2kCUudvBIRmHuxHzgWTo9m1B7OSYWEgb4XbgovCcETtYIneCB02caISAef4umW-PMvcTpL_5T4CL9nXeQWI9k1tX4zLQ6MnUmWXnltlTPI4gCChlpxnEQcJEXivVEWEZESh6r_aTWtEXcuz3z-FFeaTx-XM5_5BTaWMxeHzEs=&p=2&sk=&fvj=1,Technical Support Specialist - III,38.344562,-121.998199, Easily apply
12,"95 S Market St #220, San Jose, CA 95113, USA",KDInfotech,"San Bruno, CA",http://indeed.com//pagead/clk?mo=r&ad=-6NYlbfkN0CLhib7l7_ei2sM3TDX2sphTPGS0uQwbyPsMryYwAS_0FDgU-11-vLTDTjpqZeB5jDTpWh2CLYcmsFiaB2oA3QvulTUNvR44dVrfyN66kDl8EErmQn4SjK_8crcgPvKIQo9D0aKHSgZVPCNmtpkw__bT08RUjYUXbIRrcFmH3_W11MJZq5ZfFHQsmsgECSAojs1l3CWJRsMB1obxTBEp9bimlyMNqtYEAXpKllRO72sRbow2PbOQPoovzBzuLhzGWMmvAo1RUy06MlLy39p6f46x23CU71-ypbmwV_8cr0VjI-nuI3E2AaQdg7ajGQbJnFSfnM2UeJyP4mjhKUk9soz9fP7-PqWnKSrot3d2JmEZNxKUGIcGg442xNPwk7TlkQsQsTFlTafmmz43OQ0cEvC4tdTlvb4CwG_e6goWsFssARxcUEQFwlrus9D7zDOzcbYG6rU0qGSmGUtV2rmmioH&p=3&sk=&fvj=1,Senior Desktop Engineer,37.3337261,-121.8912345, Easily apply
13,"901 Mariners Island Blvd, San Mateo, CA 94404, USA",Marketo,"San Mateo, CA 94401",http://indeed.com//pagead/clk?mo=r&ad=-6NYlbfkN0CDHA0cskWDw6ulROxA-XhgOwJzoznJz3OnEaqWXpfqA2G-Ljngt75sS5ZUfEhagVkd6-ZalNSWulLnimO_rM-IuUhBGJWmLzB-WD5ckw9f2BR5mMEI7BH6ZF2VZ1OYc0aXoAwApcnc-_jMkBDppipASCCIZEpoc9CXrs-zH5VoZkGL1PtElQ13LvAO4RwkwoBP3tdi2oIgVMV17qWntFvH7wsb_64k54bhuZAw5cMpkmNEoAp5pyuyzXXIGJG-o7H7kIOYYeo7-DWrxZpBorGymcdGeCr87ldjsij5RnT8z-j2NyqjrnMqNzFo-TUYim1noxQg1vznwqRJpN8j_ypJAIKo3QrJzKWVvCuA9o_bls2b6UzswArPJMtfF__6R1pHMQUeM87WydCVsJOL3Mork-Ak9xyPqmMPDcKBxht-QQ==&p=1&sk=&fvj=0,Elite Technical Support Engineer,37.5598266,-122.2870157,No easy apply
14,"177 Butcher Rd b, Vacaville, CA 95687, USA",Alois Staffing,"Foster City, CA",http://indeed.com//pagead/clk?mo=r&ad=-6NYlbfkN0AicyjOaq3aQt51-LWylxn7czz475Eld8pRjoSD8bSrmo51_lEXZmKGCQ4hxw1M7FScHdJ3q34qGLSr5rh5k374Y99fLE6gGoJLPgTa-r5078_TyFzkS6--LqOUANshMGgiX2TXEYUtUV897HhF_Q5NBRGZeQZP7Y0JWsX9XMko3p35WTKCU8k57naFH_8LEHWxc3VnmGT4mAZk2QYFh_hs5AXBwoy4VuCOQHzFCWBNFxFnxT1pYDusm5rSVozzdUx4u4p2KvGQQPK_A14Doqq-nV_mrTbWPAEHo2ZaZvNtw5zVd43bhRyusTtZkWBpM_rUqRT4CFgC3Va1D6jQwE_uBeVs7JBMQm4EmPjfoUezWRTataD5NqQVn-vc3IZiQcKjhadAY6HlZcF6iffGQXx6GIFYPYhi0RKEW9N8xJsw6je_d9nR55ctu8BXveAlAZ1vSCoYF-ZxCaRAzTR9JC-Hq2V6TBBKra0=&p=2&sk=&fvj=1,Technical Support Specialist - III,38.344562,-121.998199, Easily apply
15,"3365 Harvester Road #201, Burlington, ON L7N 3N2, Canada",Milestone,"Foster City, CA",http://indeed.com//company/Milestone/jobs/Imac-Tech-b4b50a30834ad6ef?fccid=49ab7844e8bee154,IMAC Tech - IT Deployment - Configurations,43.3594421,-79.78982669999999, Easily apply
16,"989 E Hillsdale Blvd #250, Foster City, CA 94404, USA",Arena,"Foster City, CA",http://indeed.com//rc/clk?jk=f1eea0ecfc317e13&fccid=894efbcc180d395f,Solution Consultant,37.5579085,-122.2732296, Easily apply
17,"3101 Skyway Ct, Fremont, CA 94539, USA","Milestone Technologies, Inc.","Foster City, CA",http://indeed.com//rc/clk?jk=88456617b6312d64&fccid=ddc8302c61072307,IT IMAC Technician,37.5100102,-121.9430423,No easy apply
18,"919 E Hillsdale Blvd 4th Floor, Foster City, CA 94404, USA",Qualys,"Foster City, CA",http://indeed.com//rc/clk?jk=ae76d389fdd4b64a&fccid=230fd3df850fa242,Technical Support Escalations Manager,37.55568299999999,-122.276914,No easy apply
19,"1200 Park Pl, San Mateo, CA 94403, USA",Tesla,"San Mateo, CA",http://indeed.com//rc/clk?jk=1191d7f8c986c247&fccid=b5435bdc4be466ce,Support Engineering Technicican,37.5446839,-122.2901514,No easy apply
20,"1630 S Delaware St, San Mateo, CA 94402, USA",United States Postal Service,"San Mateo, CA",http://indeed.com//rc/clk?jk=978ae3ba5e9cb57f&fccid=e1d100e5797dc264,COMPUTER ANLYST/PRGMR ASSOC,37.5561498,-122.3090449,No easy apply
21,"3101 Skyway Ct, Fremont, CA 94539, USA","Milestone Technologies, Inc.","Foster City, CA",http://indeed.com//rc/clk?jk=7f83efee4793a7d8&fccid=ddc8302c61072307,IMAC Technician,37.5100102,-121.9430423,No easy apply
22,"20 Davis Dr, Belmont, CA 94002, USA","RingCentral, Inc.","Belmont, CA 94002",http://indeed.com//rc/clk?jk=f7444bcbd7a1f326&fccid=c6fcda9d082dac9e,Network Engineer,37.5109,-122.306596,No easy apply
23,,Audio-Visual Management Solutions,"San Mateo, CA 94402 (Beresford area)",http://indeed.com//rc/clk?jk=dbe6b05afac79c01&fccid=2c3b4708826f4777,Audio Visual Technician,,,No easy apply
24,"140 N Bayshore Blvd, San Mateo, CA 94401, USA",TOP San Francisco,"San Mateo, CA",http://indeed.com//company/TOP-San-Francisco/jobs/Application-Engineer-7f45454a2c1185d2?fccid=7168ce7ee6c3468c,Application Engineer (Imaging / Display Screens),37.576076,-122.318839, Easily apply
25,"95 S Market St #220, San Jose, CA 95113, USA",KDInfotech,"San Bruno, CA",http://indeed.com//pagead/clk?mo=r&ad=-6NYlbfkN0CLhib7l7_ei2sM3TDX2sphTPGS0uQwbyPsMryYwAS_0FDgU-11-vLTDTjpqZeB5jDTpWh2CLYcmsFiaB2oA3QvulTUNvR44dVrfyN66kDl8EErmQn4SjK_8crcgPvKIQo9D0aKHSgZVPCNmtpkw__bwhmfyZ75KrQV1m1BsSlUp_nbOX9WVOS9CyNJHQP4KQYkp0mXhYiHxVRS38xxS7vx2ZkopGwxX_62iY-x-BbSOyoFZykzPewAm9Gw2puvNYM59coml4YfJ-ooBWxm6oOJGG3E7hpNzb2OFZHonaor-a49DUVlTEcts6nvC8UK5LhqN7QgzV1Vu4daPQC_NVwJrf8613ilPxgHagNRYNB6GleWxOSOkJGNMbvSgZIb5QBuCNinUPA3XE_U9Iz5-4el97Jiu0uY9ipfn010fGRUnALwvyCGLrtr8Yzv2sThm_cZrrHR1xYuglzR9a1bEO-T&p=3&sk=&fvj=1,Senior Desktop Engineer,37.3337261,-121.8912345, Easily apply
26,"611 Industrial Rd # 8, San Carlos, CA 94070, USA",Bell Plumbing,"San Carlos, CA 94070",http://indeed.com//pagead/clk?mo=r&ad=-6NYlbfkN0AIMFLtsMUfPVU6_K3oJR1iKBQ_JyZditqNFzBsb8rH6o08w7VBTWYn02l_UHLXJVxpEAyGB3etS2-sOi5V4lieWHsOtyZS8UoNfx5ZqHv7uzfxIy_89H_TLBCVGzEiMTBxTL5qQaYCbXJyM0or6u_h2JWzTCwUDZmTKlrOwpgRIjWbd6W9P0R8B9XgIE9PNKvCbeJa9UswS5eXzWZx5b2rnxmFn9MsTmkzGZb6l6SpEiGfiQQzl-aK_HtJwqa5JXvWWh_EBvB4J_NAqXXQQ-jYr9jPGpH0bkLmx6MGL4MSdhJkh_2774xAYyJrbxbwPq9kueOGI2RG_QXcCb6qnFEzjZoDeWOUJVM6cZEVPg53-dJCKHfrTRtOd-ud_vu6k8wkuuMcVcIv4HyzvLgpEaITvdXK2L-1JskjzY_t1xWn6iCyuWWkxc1hSRRMv8MUwZmIyLuG-bg-AAyXclsyhMcn&p=4&sk=&fvj=1,Plumbing Apprentice,37.510981,-122.254399, Easily apply
27,"1291 E Hillsdale Blvd #303, Foster City, CA 94404, USA","IT Total Care, inc.","Foster City, CA",http://indeed.com//pagead/clk?mo=r&ad=-6NYlbfkN0BJRWwq8mIvnbXaXWtDRtzKdxr-NwlmTJp_UJQApckDblnPGFm5FLIOQqKX4qa7CZxoNmOGyJa4cqEpDrEJHV22ywzrWyr2-xRrDJ5x9mOyLfcDIy0LdJzSlDE_9pI0eN7JeG1R6gE9oI1ftIw9-fo2nHmzi0btlOfk29Ns_Si8QJa6lT9OtlWqBmnkUg70HPwFllCe8cgOrJUXB4zQYYn9ExYaQAGKjEe5zA2KlTfBtAZwcp3YD7I2IIJi5t_McaEEYuITWIfX0T0QYijtZVaGVPZhmpPOzNT5pOIUvXTgGgsW4lalF7egDEbDTejGNbUMdwhglhHWGsM3Urtz-tzoMsLx5MCRWM3if_aw_mnOe9WnJUeLqW_OqZquuiMB5ErzWsB_J9dgNiUfanfZVuJx9O62NM9ZAUoj_WtqgufPeK_pN2gqR81TC-5iJ4HUqBL34Cc-WZRCJBO28CsvTYbv1CORGmjavDv9m4DDmCZ60RF2xmAN4oBlVMIF2QWZ5Ls=&p=5&sk=&fvj=1,"IT Desktop Support, Junior Network Admin (1+ yr experience)...",37.56952769999999,-122.2658182, Easily apply
28,"611 Industrial Rd # 8, San Carlos, CA 94070, USA",Bell Plumbing,"San Carlos, CA 94070",http://indeed.com//pagead/clk?mo=r&ad=-6NYlbfkN0AIMFLtsMUfPVU6_K3oJR1iKBQ_JyZditqNFzBsb8rH6o08w7VBTWYn02l_UHLXJVxpEAyGB3etS2-sOi5V4lieWHsOtyZS8UoNfx5ZqHv7uzfxIy_89H_TLBCVGzEiMTBxTL5qQaYCbXJyM0or6u_hd1MSJ9fyV1BKCQ4MpkcsgjWjtucFEfY8UdFgJTT5zXFtnxot_cQZDP4IF8X41PE9Yx6b6RS_V2J1vs8-MaKfk5-0pXueWgOlNikuMMlebhJogbIKyV2mpVJybVz946VG6I5Nxoc-WhjyHtndLVtTLkTdwzQe0LhlY8_ith1xTmMR01nxiDMh7SUmukAIMf54tfTv2ALKcGg_JVLDetM5B8XpOYIRxlLxyh60eIyrbNSLRssu6r0AWUHa-SL7eW10U8kLRD1zu4vTSPF7biCyKBAQLFS2qT158Mael22q8AqjyYcIujAiP7ynL6AoMK5_&p=1&sk=&fvj=1,Plumbing Apprentice,37.510981,-122.254399, Easily apply
29,"901 Mariners Island Blvd, San Mateo, CA 94404, USA",Marketo,"San Mateo, CA 94401",http://indeed.com//pagead/clk?mo=r&ad=-6NYlbfkN0CDHA0cskWDw6ulROxA-XhgOwJzoznJz3OnEaqWXpfqA2G-Ljngt75sS5ZUfEhagVkd6-ZalNSWulLnimO_rM-IuUhBGJWmLzB-WD5ckw9f2BR5mMEI7BH6ZF2VZ1OYc0aXoAwApcnc-_jMkBDppipAI6eq3TWzxr7xDznzIkdVlrlsumRTLnhxzXvO7xhwiaLQ_SAVteVm_r2kWL8iaCykiPBV0rVcqgE0JOQrQyE-Ruur-C029mcGrzW0aP-knzsolguH2L-_np-8VsNs8H3DQbR5qsi4Nk8Zn2toF11SQ4si1-vP68hRaSDkrFE2ieclNaj_7wgOiH1wpp7roWIFQIxv9nyOhbdvzqVefC8CWasFjY0QcgCjDNPqLwUrfv2jTHnfgEumEhXLa8ierQvHCmC85TADxPfO5MA_aQQCXw==&p=2&sk=&fvj=0,Elite Technical Support Engineer,37.5598266,-122.2870157,No easy apply
30,"2600 Bridge Pkwy, Redwood City, CA 94065, USA",Proteus Digital Health,"Redwood City, CA 94065",http://indeed.com//rc/clk?jk=58f3993b128f26e0&fccid=d840199808808f21,Quality Assurance Manager,37.5389882,-122.2575116,No easy apply
31,"900 Metro Center Blvd, Foster City, CA 94404, USA",Visa,"Foster City, CA",http://indeed.com//rc/clk?jk=ed4969698f2ff9d2&fccid=a3f737e511d9fc8c,Staff Video Engineer - REF6150G,37.55925209999999,-122.2763649,No easy apply
32,"150 Anza Blvd, Burlingame, CA 94010, USA",Audio-Visual Management Solutions,"Burlingame, CA 94010",http://indeed.com//rc/clk?jk=4e514ee229c38324&fccid=2c3b4708826f4777,Lead Audio Visual Technician,37.5915921,-122.347907,No easy apply
33,"50 California St # 1500, San Francisco, CA 94111, USA",Ascent Services Group,"San Mateo, CA 94403 (Sugerloaf area)",http://indeed.com//rc/clk?jk=8e54211919975ce7&fccid=55051b7d98da371e,Regulatory Technology Consultant (SME in Regulatory Submissions Systems),37.7941323,-122.3973606,No easy apply
34,"1810 Gateway Dr Suite 260, San Mateo, CA 94404, USA",Tipalti,"San Mateo, CA",http://indeed.com//company/Tipalti/jobs/Technical-Support-Representative-d8a65ea36c9c53b9?fccid=63a89778c869773f,Technical Support Representative,37.5567602,-122.2816111, Easily apply
35,,CDI Corporation,"Foster City, CA",http://indeed.com//company/CDI-Corporation/jobs/Desktop-Support-cc74d9a7dee759aa?fccid=ee89dead7b3e7d86,Desktop Support,,, Easily apply
36,"1400 Fashion Island Blvd Suite 303, San Mateo, CA 94404, USA",CST,"San Mateo, CA",http://indeed.com//rc/clk?jk=afb5a77ba48ba483&fccid=3199f4dcb625b31f,Application Engineer,37.5561532,-122.2881176,No easy apply
37,"489 S El Camino Real, San Mateo, CA 94401, USA",Duo Security,"San Mateo, CA",http://indeed.com//rc/clk?jk=f2d9ca2b1e38f968&fccid=375e43153c4f1fb1,Technical Implementation Engineer - CSE,37.5620117,-122.3243779,No easy apply
38,"2929 Campus Dr # 110, San Mateo, CA 94403, USA",Balfour Beatty,"San Mateo, CA",http://indeed.com//rc/clk?jk=647303637eae114f&fccid=c75127f50bc050bc,OCS Field Engineer (Rail),37.53604,-122.327861, Easily apply
39,"100 Lexington St, Fort Worth, TX 76102, USA",Change Healthcare,"San Mateo, CA",http://indeed.com//rc/clk?jk=deb7de7d6c3b62d9&fccid=b1bd9b34a39d5dcd,Data Architect,32.7531071,-97.3406426,No easy apply
40,"177 Butcher Rd b, Vacaville, CA 95687, USA",Alois Staffing,"Foster City, CA",http://indeed.com//pagead/clk?mo=r&ad=-6NYlbfkN0AicyjOaq3aQt51-LWylxn7czz475Eld8pRjoSD8bSrmo51_lEXZmKGCQ4hxw1M7FScHdJ3q34qGLSr5rh5k374Y99fLE6gGoJLPgTa-r5078_TyFzkS6--LqOUANshMGgiX2TXEYUtUV897HhF_Q5NoWPhllc1qf7iXwYZaoxxPHWr1q_aF53LfkA8VByTBYJ7meHdJsPMfZV_vox2lY-CMo59EuTVzIjs07NNXLNFq_7T1zycfrUtcnhqNKXqa8l3z3T2zRXRepI1QCUNV6OOstyGYh48xgTRV7s8XXUqICbc7xjUVRtBm0tbvY4B0RcW-fUBCVLZfJkUWTsLjjv_ATFsf0j94GKAybHtU1so_oxIVgXOfwEx6Xu3p1b6UyIf84VbhP5rWD4GsEnDZQtDvxhp7iogGxrAo5uE840T5KjhyrmobdMEU5oixgxGD2UrsPWs43XOW1GkqPvD-41qn-GZCRIqAZY=&p=3&sk=&fvj=1,Technical Support Specialist - III,38.344562,-121.998199, Easily apply
41,"95 S Market St #220, San Jose, CA 95113, USA",KDInfotech,"San Bruno, CA",http://indeed.com//pagead/clk?mo=r&ad=-6NYlbfkN0CLhib7l7_ei2sM3TDX2sphTPGS0uQwbyPsMryYwAS_0FDgU-11-vLTDTjpqZeB5jDTpWh2CLYcmsFiaB2oA3QvulTUNvR44dVrfyN66kDl8EErmQn4SjK_8crcgPvKIQo9D0aKHSgZVPCNmtpkw__b77Jt1yaSV7x8R23RdKAeLagURN_pIheBPi5Fq0gaSdiGyAke4I5r8vWB2khgYB-jMywfdRrypir7QRcCHrlNp2fMaBbprSLQd3qsn7pjUwwc6jwAQ6RU-TeA3jLp_Zofqv7qzpbHqT0fEt_ekTwxPZ-VLQwGB5JuLmcCORgg4Ek2aHcmxOouhFrUx2L8jkeJLbUmFOl_JZxaks4Shh5-7pWTY5EG7sayV6IBv4PLHauZ5bIm1vDTmB8w8MqgsXL28PYvkT-JFfhDcSOV5nPPras0cvvMvrOTGRsaFWne0HWvBadxjl8wdrYRsnOz1SYs&p=4&sk=&fvj=1,Senior Desktop Engineer,37.3337261,-121.8912345, Easily apply
42,"1291 E Hillsdale Blvd #303, Foster City, CA 94404, USA","IT Total Care, inc.","Foster City, CA",http://indeed.com//pagead/clk?mo=r&ad=-6NYlbfkN0BJRWwq8mIvnbXaXWtDRtzKdxr-NwlmTJp_UJQApckDblnPGFm5FLIOQqKX4qa7CZxoNmOGyJa4cqEpDrEJHV22ywzrWyr2-xRrDJ5x9mOyLfcDIy0LdJzSlDE_9pI0eN7JeG1R6gE9oI1ftIw9-fo2onSCmxNd6HQ6fClALsa_LIC5rChMyNOKXBJDoVykSRVNhOL1XLbSQ1ZC79Fowrdt6gfO7TJa5S7Td1vNw4vhEO6LIJ76nRuQlfkwmRLHXKaMVYT9iHhYJmHzkzaLe5GKUbiQXaKM55QTFdMuobPWJ8nMhtNgxfIyLVSXLeFVAZM0_Ac2iiwQWojYZ7_2oMLROySPesNbRAjh_qNxbj6NniYSqm-4SxkudFY_d6AUFZZO7DRI8IIbh2o3vK_kZSDuojgGR4bl4OEhOh_YbaQE0h_648j_wR7nUlZY6op_Hno4t3vCW7xSH6QKTs34KXoe3OENYB8PN_poBt8QgGxpvn0Y5-rNoyQkFQylnHfidCY=&p=5&sk=&fvj=1,"IT Desktop Support, Junior Network Admin (1+ yr experience)...",37.56952769999999,-122.2658182, Easily apply
43,"1291 E Hillsdale Blvd #303, Foster City, CA 94404, USA","IT Total Care, inc.","Foster City, CA",http://indeed.com//pagead/clk?mo=r&ad=-6NYlbfkN0BJRWwq8mIvnbXaXWtDRtzKdxr-NwlmTJp_UJQApckDblnPGFm5FLIOQqKX4qa7CZxoNmOGyJa4cqEpDrEJHV22ywzrWyr2-xRrDJ5x9mOyLfcDIy0LdJzSlDE_9pI0eN7JeG1R6gE9oI1ftIw9-fo27SCiradIz-r5A6rHAfgDe39TOEpqg1BLad7doYL5jxf_PJUAUst35yWHVQaG81q06uZFg26ertFn8TTtBS6CjeDDp4RQihjSA0Krwb2hjWSYdIBLFzuam6KjEQdhyeiWHgPkf3e1sNglJ1Su2wO28_euLN_l9a_ei9ELJVvR_RNRaZWEO6-GRuhs_2MqyQk-RXXcdMpEJSqdf8eKNanfdIXLFXSCupD76bFmn7Zozi3zxjGUWACAJSY-wAbNPelxIM7Zxe6rJfbTLSvXtBrUDtXGu-Qe9pomHGHbRRDkW6z5z7I2Wpps7KxDVWcCUzX-7S8Y7PPF-eqyr9LCZ3miaDu1K8ThVcmF1ya_lGMiamg=&p=1&sk=&fvj=1,"IT Desktop Support, Junior Network Admin (1+ yr experience)...",37.56952769999999,-122.2658182, Easily apply
44,"901 Mariners Island Blvd, San Mateo, CA 94404, USA",Marketo,"San Mateo, CA 94401",http://indeed.com//pagead/clk?mo=r&ad=-6NYlbfkN0CDHA0cskWDw6ulROxA-XhgOwJzoznJz3OnEaqWXpfqA2G-Ljngt75sS5ZUfEhagVkd6-ZalNSWulLnimO_rM-IuUhBGJWmLzB-WD5ckw9f2BR5mMEI7BH6ZF2VZ1OYc0aXoAwApcnc-_jMkBDppipA_SQZYeXaUbo61FEjzI2ZB9R7RqpU_AmmLYr3mCu2y9QrHnwTCDv9NzUlhTBiTyUTgmV-2-qFTpVN7z6koGMxpn6FNnWcnz4UZd8Vy4qsBO908rDRLJaB5bgedkpAETagPQxclE7WK_2uxsI_7z39zt8FHV4paCxYRGEdOQRINqBi22KXIPytJlh-pCrhrNzDq2MQMJQj2xLBQkZBYJ8S4n-4tqvDfm0GF3ZqZRQnDxqsKbN0scDkL7yNjs8-zEeTuG6QQU0avLCnr6IQfemYtQ==&p=2&sk=&fvj=0,Elite Technical Support Engineer,37.5598266,-122.2870157,No easy apply
45,"95 S Market St #220, San Jose, CA 95113, USA",KDInfotech,"San Bruno, CA",http://indeed.com//pagead/clk?mo=r&ad=-6NYlbfkN0CLhib7l7_ei2sM3TDX2sphTPGS0uQwbyPsMryYwAS_0FDgU-11-vLTDTjpqZeB5jDTpWh2CLYcmsFiaB2oA3QvulTUNvR44dVrfyN66kDl8EErmQn4SjK_8crcgPvKIQo9D0aKHSgZVPCNmtpkw__bqB8CgQwc1OFOk77x-_z0jpRMDbE3_fy40_5195KzcTSuwOMNcjav4OIAUuVNd2BZPHatvCSoO2tPx7VMlXdInBfX9kLzG2L677lO0EEq0KKTNQ3__XYLsiayP4CxQz0flmvX3F_VByiRPsAk9PbDZRZBkna1TwCuMfxqQs1oiXw8OUznXHcIR-9X76yQ6EzFkQ5qRvnF7XxtO0hOFGZjP0gtKCok90lGiE6Hc7TdihA02aR4B2TR9gsOCE9s_CovC0AW8qATBO8Pk5ciV4wgSItdL0vRuK9dnLSXrMLnG9ewH58dpdbOuPFKYLqneB3V&p=3&sk=&fvj=1,Senior Desktop Engineer,37.3337261,-121.8912345, Easily apply
46,"611 Industrial Rd # 8, San Carlos, CA 94070, USA",Bell Plumbing,"San Carlos, CA 94070",http://indeed.com//pagead/clk?mo=r&ad=-6NYlbfkN0AIMFLtsMUfPVU6_K3oJR1iKBQ_JyZditqNFzBsb8rH6o08w7VBTWYn02l_UHLXJVxpEAyGB3etS2-sOi5V4lieWHsOtyZS8UoNfx5ZqHv7uzfxIy_89H_TLBCVGzEiMTBxTL5qQaYCbXJyM0or6u_hwof-uXB4W_QJunMwi6b9qBNvceg8qOzdzfOPJeKke_Kx7IJkAi4tVixv5L3ArkBRo_TkRkWvE2-oaaWn6sDEIRtGfPwaesgan8JK-OXZAqL32jAf271CsyDWmYyUMqBIfdRg7iUTdKqbWGuqHRTLomf2KnQxBpBYceruyK9dIQslSkLSh3TB7rklkn1n4dAWhB8o8-NvSN2DUMknTDrEnnDhusxDfUAilKkdNRaXtweGYf4dl29FTs6Hglp1z4f3pcSozYAMblqbxWKPYtRXMIQX4Xui07cfgfivGRPfLV1VdwitOnZCFzpfHDEZ6hvz&p=4&sk=&fvj=1,Plumbing Apprentice,37.510981,-122.254399, Easily apply
47,"100 Lexington St, Fort Worth, TX 76102, USA",Change Healthcare,"San Mateo, CA",http://indeed.com//rc/clk?jk=deb7de7d6c3b62d9&fccid=b1bd9b34a39d5dcd,Data Architect,32.7531071,-97.3406426,No easy apply
48,"900 Metro Center Blvd, Foster City, CA 94404, USA",Visa,"Foster City, CA",http://indeed.com//rc/clk?jk=75aa856261ce7fdf&fccid=a3f737e511d9fc8c,Director Visa Digital Integration Lead,37.55925209999999,-122.2763649,No easy apply
49,,Akiri,"Foster City, CA",http://indeed.com//company/SWITCH-Co./jobs/Information-Technology-Technical-Support-Engineer-d4bf72de85930dda?fccid=8a501020fa265dd0,Information Technology (IT) Technical Support Engineer,,, Easily apply
50,,Sustainable Recruitment Concepts,"San Mateo, CA",http://indeed.com//rc/clk?jk=c9ab14fcf8cc0a14&fccid=3e52529d11fef742,Technical Support Engineer,,,No easy apply
51,"1820 Gateway Dr #200, San Mateo, CA 94404, USA",Lattice Engines,"San Mateo, CA 94404",http://indeed.com//rc/clk?jk=2783aff7e8e0a700&fccid=1af6457dc9e90c32,Senior Technical Support Engineer,37.5574687,-122.2815642,No easy apply
52,"1001 E Hillsdale Blvd #800, Foster City, CA 94404, USA","Guidewire Software, Inc.","Foster City, CA",http://indeed.com//rc/clk?jk=b92ce19b5e5c4db0&fccid=be90d89fb010b0bf,"Senior Desktop Support Analyst (Contractor) - Foster City, CA",37.55939559999999,-122.2718132,No easy apply
53,"1855 S Grant St, San Mateo, CA 94402, USA",Coupa Software,"San Mateo, CA 94402 (Beresford area)",http://indeed.com//rc/clk?jk=adcecd8a6ccd3b09&fccid=dfc442ec362ccd6f,Sales Demo Support Manager,37.5533549,-122.299316,No easy apply
54,"1400 Fashion Island Blvd #100, San Mateo, CA 94404, USA",Apttus,"San Mateo, CA 94404",http://indeed.com//rc/clk?jk=db493d2b466c3090&fccid=56a05804659e07fe,Sr. Administrator- Office 365/Azure AD,37.556144,-122.288135,No easy apply
55,"201 California St #100, San Francisco, CA 94111, USA",Canon Solutions America,"Foster City, CA",http://indeed.com//rc/clk?jk=520e1e3571b909ea&fccid=29ca6108566b1f05,Technology Operations Manager,37.7930345,-122.3990296,No easy apply
56,"2003 Chess Dr, San Mateo, CA 94404, USA",Pier 1 Imports,"San Mateo, CA 94404",http://indeed.com//rc/clk?jk=877fcf5393ff7b37&fccid=b22f7b9e18e459ec,Assistant Store Manager,37.5624069,-122.2798839,No easy apply
57,"177 Butcher Rd b, Vacaville, CA 95687, USA",Alois Staffing,"Foster City, CA",http://indeed.com//pagead/clk?mo=r&ad=-6NYlbfkN0AicyjOaq3aQt51-LWylxn7czz475Eld8pRjoSD8bSrmo51_lEXZmKGCQ4hxw1M7FScHdJ3q34qGLSr5rh5k374Y99fLE6gGoJLPgTa-r5078_TyFzkS6--LqOUANshMGgiX2TXEYUtUV897HhF_Q5NO5lv-88LmMNmYKb0Ac9ERIkPO0IYxzhCctoD_UnUSuw-XCnLF3cKnbrHoNmsCQtEBOGgQFEYZ8lGlud67JWR_dEAQG9m1EoJJ2AIs83MQgShOkEvxb2HHJN2Xa73_wikrhJFPyb6ElDq5zycjAt9y-pqJjqSejoyEO7zc6b0hFiMfemrRHxcObbhbcaLsgnyUxIpXi_dWO-tRx9upzkE_OtDuz6PKsq_MHRf4j9juLy8sRmVRVvtacm9dc7nJbPSQ_zBdPS1owqdY3SlUPxT_NZA-QZR_ZOz0tMA8ILT1yBl3SKh6ube47ydW8ZboVRSpBFkarJ3-M8=&p=5&sk=&fvj=1,Technical Support Specialist - III,38.344562,-121.998199, Easily apply
58,"1291 E Hillsdale Blvd #303, Foster City, CA 94404, USA","IT Total Care, inc.","Foster City, CA",http://indeed.com//pagead/clk?mo=r&ad=-6NYlbfkN0BJRWwq8mIvnbXaXWtDRtzKdxr-NwlmTJp_UJQApckDblnPGFm5FLIOQqKX4qa7CZxoNmOGyJa4cqEpDrEJHV22ywzrWyr2-xRrDJ5x9mOyLfcDIy0LdJzSlDE_9pI0eN7JeG1R6gE9oI1ftIw9-fo2QR2iHunJvA6MC_JqqX-kchhWLGDXyKv5Tie5HmryZn5iW2V_idunfjOVLqP_Rbr1pFi2DzIRY2dmMNddgQAxLqU_c9XPSPv-2eogzwXNq-ALAax3O7yBIML7yib5erFl4MtucDWBZGsmLZk7tjq180Cexj-Nh7DjLiE89X-6EbzKcxHlo5G7fm6fQfRyuyM1-nEUwUNdPDRwPU6l0PdGLMX_lz1v9X9gniCM9bfl8dugO1FYZJHecXJHM-t99b72XgpSbv9Y2YVoRFgP_1GNjkih0zL6vYRasAnJwzQCNQ4_35k-kk05S7rewwLD3XbNRhuvB7JYnC4EioCnZie_aIGVjjAp_VBRbRWQ-YWTYzY=&p=1&sk=&fvj=1,"IT Desktop Support, Junior Network Admin (1+ yr experience)...",37.56952769999999,-122.2658182, Easily apply
59,"611 Industrial Rd # 8, San Carlos, CA 94070, USA",Bell Plumbing,"San Carlos, CA 94070",http://indeed.com//pagead/clk?mo=r&ad=-6NYlbfkN0AIMFLtsMUfPVU6_K3oJR1iKBQ_JyZditqNFzBsb8rH6o08w7VBTWYn02l_UHLXJVxpEAyGB3etS2-sOi5V4lieWHsOtyZS8UoNfx5ZqHv7uzfxIy_89H_TLBCVGzEiMTBxTL5qQaYCbXJyM0or6u_haR6h6fbQ5ME-vZxDkrmt40itp0_ZNyoF3-kZ9Z7JG76t-QNYFXAQMMmbiEi9rNwd14LtKv6ZIZVx2gcpSeCwbVYKMkXeEOLxac8AbsZaeTTN7NaBnbE-8e2QCagw-z0kZlSoECWhWa3vOgrraPHBsWIxRYXgVNpuoMpaRhr4mDgWmnVICOw1GMOOUMfsEGACJ3KRDdRCPj-uCYY-N91p4qD9IAl6VhKjtn0pKStuXcMcNBJ9B0AwN2DkRivMCGcU0xWKSBS5THOjol1V_NbbA2g7tNzWWJ55bXe56XfRiSnR1o34wHqIVDCpkhkmdE2K&p=2&sk=&fvj=1,Plumbing Apprentice,37.510981,-122.254399, Easily apply
60,"901 Mariners Island Blvd, San Mateo, CA 94404, USA",Marketo,"San Mateo, CA 94401",http://indeed.com//pagead/clk?mo=r&ad=-6NYlbfkN0CDHA0cskWDw6ulROxA-XhgOwJzoznJz3OnEaqWXpfqA2G-Ljngt75sS5ZUfEhagVkd6-ZalNSWulLnimO_rM-IuUhBGJWmLzB-WD5ckw9f2BR5mMEI7BH6ZF2VZ1OYc0aXoAwApcnc-_jMkBDppipA6t9tyxzS7jiUYD9GwbbHyL3Igka9C34i1IkcYkdwJyEe68B12YSZeP3gYb5AyIn-krl_4eCb4KGE7wh0VK6baCkztUfQN1sf7f7kYKAmx8TywbB6J64TwF0oCQ3N1nlNCxAM5DS9w-tGvi9lFcX7I8FS9Epehd6HbNoc0x78j22bh9I6Hhuty-UqM22U8zyN-Yv8_1cw0wKhi-UNbpkS3ZuaNIJ7J-AwdI3GgXy_j4OSDlaD7K1b0vrgVdzXbHLangiXCh_FYMo1Gf4Q472_8g==&p=3&sk=&fvj=0,Elite Technical Support Engineer,37.5598266,-122.2870157,No easy apply
61,"177 Butcher Rd b, Vacaville, CA 95687, USA",Alois Staffing,"Foster City, CA",http://indeed.com//pagead/clk?mo=r&ad=-6NYlbfkN0AicyjOaq3aQt51-LWylxn7czz475Eld8pRjoSD8bSrmo51_lEXZmKGCQ4hxw1M7FScHdJ3q34qGLSr5rh5k374Y99fLE6gGoJLPgTa-r5078_TyFzkS6--LqOUANshMGgiX2TXEYUtUV897HhF_Q5NClTzAHfa8OM-5U2iyoxd9yVb6T9qJtVaxoS3y4YXmO6_YFzQx8kI981sPASitQdqATetdjS0mH6_rjD5UmFhtunJPAcTgqcpVzGqQYPNKfMJh18hKMGISuZwjeiOdSKYOSHhqoeCNhq9kBNvB6maO191EWhvKxXii-nThW7AQtVlx7H3FfmD5M7Nt6spLZqCxvbziHGiJGH7UOUp85U4YXVMOU_3mxZA5-9t0PEw5dzYpwN_l3W3Bu4j8nJVdL_OT6ITkR79N3bQff2XjnnwccnfWEniFFrc113ZooKZgqq9ilIbjm3GYIrlQk6E032YTSxYXDqERSQ=&p=4&sk=&fvj=1,Technical Support Specialist - III,38.344562,-121.998199, Easily apply
62,"475 El Camino Real Suite 305, Millbrae, CA 94030, USA",Nexla,"Millbrae, CA 94030",http://indeed.com//rc/clk?jk=e21941111b9d4594&fccid=5999636af636e4fe,"Software Engineer, Solutions Engineering",37.6026075,-122.3928885,No easy apply
63,"257 Myrtle Rd, Burlingame, CA 94010, USA","PLAYSTUDIOS, Inc.","Burlingame, CA",http://indeed.com//rc/clk?jk=3e86b3f56e1803aa&fccid=b322532af1872729,UI/UX Designer,37.5803521,-122.3436219,No easy apply
64,"900 Metro Center Blvd, Foster City, CA 94404, USA",Visa,"Foster City, CA",http://indeed.com//rc/clk?jk=f0b3d6124c04eccc&fccid=a3f737e511d9fc8c,"Director, Digital Product Integrations",37.55925209999999,-122.2763649,No easy apply
65,"177 Bovet Rd #450, San Mateo, CA 94402, USA",Cloudian,"San Mateo, CA",http://indeed.com//rc/clk?jk=022c36a0b8eb8c5e&fccid=d089bc044375d58d,Technical Support Engineer,37.5500861,-122.3173023,No easy apply
66,,Xconic,"San Mateo, CA",http://indeed.com//rc/clk?cmp=alpanam%40xconic.com&ti=Technical+Support+Engineer&jk=588109e9caa87657&fccid=55338953c4bb6714,Technical Support Engineer( AdTech Industry),,, Easily apply
67,"Bay Park Plaza, 577 Airport Blvd #800, Burlingame, CA 94010, USA",Qlik,"Burlingame, CA",http://indeed.com//rc/clk?jk=1e866ee8a3cf7139&fccid=49ad47b3debb43f4,Community Technical Lead,37.5889543,-122.3414283, Easily apply
68,"201 Industrial Rd, San Carlos, CA 94070, USA",Natera,"San Carlos, CA 94070",http://indeed.com//rc/clk?jk=b2dbcfd890c7e7b9&fccid=76d4cf3f28c81122,Clinical Molecular Genetics Laboratory Director,37.5192701,-122.2641319, Easily apply
69,,Marketo,"San Mateo, CA 94401 (North Central area)",http://indeed.com//rc/clk?jk=8ce4019a907020ba&fccid=3c1289c4edaf03c2,Elite Technical Support Engineer,,,No easy apply
70,"489 S El Camino Real, San Mateo, CA 94401, USA",Duo Security,"San Mateo, CA",http://indeed.com//rc/clk?jk=903753fc27af2a57&fccid=375e43153c4f1fb1,Technical Support Engineer,37.5620117,-122.3243779,No easy apply
71,"1400 Fashion Island Blvd #100, San Mateo, CA 94404, USA",Apttus,"San Mateo, CA 94404",http://indeed.com//rc/clk?jk=df2c347e9775fdf1&fccid=56a05804659e07fe,IT Principal Business Analyst - Dynamics 365 CRM (Professional Services & Customer Success),37.556144,-122.288135,No easy apply
72,"95 S Market St #220, San Jose, CA 95113, USA",KDInfotech,"San Bruno, CA",http://indeed.com//pagead/clk?mo=r&ad=-6NYlbfkN0CLhib7l7_ei2sM3TDX2sphTPGS0uQwbyPsMryYwAS_0FDgU-11-vLTDTjpqZeB5jDTpWh2CLYcmsFiaB2oA3QvulTUNvR44dVrfyN66kDl8EErmQn4SjK_8crcgPvKIQo9D0aKHSgZVPCNmtpkw__b3CsLnj8tzQIucVLbcwQt9nKKi67T9dkJH9hUScZf-Z2UR7g6talXsBWvgGja88Ea4i8CbFhe20wcYvCIcxghKj4BoNRqT8acTR2GoZKAcnwdkBkxkvPom5d256aa4WJ0QvcJKKxNCcfiwKVfZAo3AkYXn-QeOMOMAcO8hFkc5PM7YtdDBLsxMQ2iRrOSwQAfBrzGcoB4z3B5HlcHuN2hqd5Mw7mFHQgFLOg8fIdxdWC9FwCGznOlW5lIQ9Y11hLGM4pYVPVRvdlJSMB2FZS_lAfZnLcRs764HkwhQKnMerIcaBzkc4zRxaxQSccDYToS&p=5&sk=&fvj=1,Senior Desktop Engineer,37.3337261,-121.8912345, Easily apply
73,"901 Mariners Island Blvd, San Mateo, CA 94404, USA",Marketo,"San Mateo, CA 94401",http://indeed.com//pagead/clk?mo=r&ad=-6NYlbfkN0CDHA0cskWDw6ulROxA-XhgOwJzoznJz3OnEaqWXpfqA2G-Ljngt75sS5ZUfEhagVkd6-ZalNSWulLnimO_rM-IuUhBGJWmLzB-WD5ckw9f2BR5mMEI7BH6ZF2VZ1OYc0aXoAwApcnc-_jMkBDppipAOTwHYSA5lhrWcn6F_EOjBK0zbmlvkOfGGrnRVGgObezg9_jbB1l5uSrBJDXbmDmQUWAhZFtVkuoJSV6nHFyj8wDAp0606f5YpXmHVfIad2xyunXJr9tODBV4FasKzeMwjBYpM5NSsuKUBU7CFqdW12KXy7qEVqvbSexgzXqmTLxoMccmLPRTolHajOYier5F_KBp1MvrcfjpCD6_qL_gBHyP0PP_TRO7_aUFlfepRxX6uUlwjFUhRu-51veksPzocgoPX-M_6soQuCA84EHIHw==&p=1&sk=&fvj=0,Elite Technical Support Engineer,37.5598266,-122.2870157,No easy apply
74,"177 Butcher Rd b, Vacaville, CA 95687, USA",Alois Staffing,"Foster City, CA",http://indeed.com//pagead/clk?mo=r&ad=-6NYlbfkN0AicyjOaq3aQt51-LWylxn7czz475Eld8pRjoSD8bSrmo51_lEXZmKGCQ4hxw1M7FScHdJ3q34qGLSr5rh5k374Y99fLE6gGoJLPgTa-r5078_TyFzkS6--LqOUANshMGgiX2TXEYUtUV897HhF_Q5N0H00okJI7GRuhk6pJFb8l-OBK_9VF5FX9gocXcbtvvsIlyAToS0t-08UgGoUivVPJrswoAq1PLJH2qlbcBN4bqBWFuEcrph7W9roe1vU51s5AnVURzQj-4ThZVZTKhKtNcOMByJCA9RVtYW7Aw3gp79Cj4c3IBWKZ1wPLu0O16j-IXj-e-E1IYwr7AL0FI7IfEhnUPtsBUwFlCbDmnZrZwKwAZdrZFJIpiKAhcH-W7zo1bl8K6LcNn08T47stlGfCh818b0eDBEVEgWQsYiba0aMKcLe-lOHX6L5DSnwOk-8cWH6WEKjYCzsiP-9qzMhQ92Pdo-tY14=&p=2&sk=&fvj=1,Technical Support Specialist - III,38.344562,-121.998199, Easily apply
75,"95 S Market St #220, San Jose, CA 95113, USA",KDInfotech,"San Bruno, CA",http://indeed.com//pagead/clk?mo=r&ad=-6NYlbfkN0CLhib7l7_ei2sM3TDX2sphTPGS0uQwbyPsMryYwAS_0FDgU-11-vLTDTjpqZeB5jDTpWh2CLYcmsFiaB2oA3QvulTUNvR44dVrfyN66kDl8EErmQn4SjK_8crcgPvKIQo9D0aKHSgZVPCNmtpkw__bPE-5ZaurWww6ajzMvpzM_ATdljoW2ot1cWoM97JTleK5wtKQEbipTa2929wEpLlK1DRIlOgpNbTU5ARK0z9OEZbLYCidzQqFjz72eqMRnO_18CGFXOAIP7UOXaCmqa3xosv-ojKcMhLY4VvNgnxtqEXVEQSXaOD1uDOWuBLLEg_-JMdIfmmLdy_UKktNp3b0-ahrfgrqdl5JFZiznGANnBuJ5zObAsERWPthorhLiq4QTO5qlPYS-iMAyxQMSloAZztkbA0LVJ2vDFOWGWEacnGZuPMickkawFlp_m2VC6hXRT7atlJg4C_2lXcDFaZh&p=3&sk=&fvj=1,Senior Desktop Engineer,37.3337261,-121.8912345, Easily apply
76,,Ursus Incorporated,"San Mateo, CA 94404",http://indeed.com//rc/clk?jk=9b73b9a2230381bb&fccid=9cbfff106af16ee1,Investments Operations Systems Engineer,,, Easily apply
77,"1900 S Norfolk St STE 125, San Mateo, CA 94403, USA",NCSOFT,"San Mateo, CA",http://indeed.com//rc/clk?jk=558843fd9585e37c&fccid=5a4e4e8f8d52befc,Senior Technical Artist - Rigging,37.5526744,-122.2923474, Easily apply
78,"1900 S Norfolk St STE 125, San Mateo, CA 94403, USA",NCSOFT,"San Mateo, CA",http://indeed.com//rc/clk?jk=8581455ef7f7ab45&fccid=5a4e4e8f8d52befc,Senior Technical Artist,37.5526744,-122.2923474, Easily apply
79,"1825 S Grant St, San Mateo, CA 94402, USA",SnapLogic,"San Mateo, CA 94402 (Beresford area)",http://indeed.com//rc/clk?jk=da61b97a02d610f6&fccid=269b6ed5f533a250,Technical Support Engineer,37.5539074,-122.3001301,No easy apply
80,,Vium,"San Mateo, CA",http://indeed.com//rc/clk?jk=e3aebc64ff6d6deb&fccid=c4fb643ea3b742aa,Field Technical Training & Support Specialist,,,No easy apply
81,"900 Metro Center Blvd, Foster City, CA 94404, USA",Visa,"Foster City, CA",http://indeed.com//rc/clk?jk=8aed3203cf0d45b0&fccid=a3f737e511d9fc8c,Senior Support - Executive Technical Support,37.55925209999999,-122.2763649,No easy apply
82,"1400 Fashion Island Blvd #100, San Mateo, CA 94404, USA",Apttus,"San Mateo, CA 94404",http://indeed.com//rc/clk?jk=af1e0a7f707b3aad&fccid=56a05804659e07fe,"Director, Managed Services",37.556144,-122.288135,No easy apply
83,"100 Rollins Rd, Millbrae, CA 94030, USA",Stem Inc,"Millbrae, CA 94030",http://indeed.com//rc/clk?jk=da9a9ce02ee81994&fccid=aac7b96dbaacd8a9,"Networking/Commissioning Specialist, System Operations",37.5991517,-122.3826708, Easily apply
84,"800 Foster City Blvd, Foster City, CA 94404, USA",Ronald C. Wornick Jewish Day School,"Foster City, CA",http://indeed.com//company/Ronald-C.-Wornick-Jewish-Day-School/jobs/IT-Support-Specialist-bd4557d709d8cb79?fccid=7be0a39f0301f2a1,IT Support Specialist,37.557884,-122.267131, Easily apply
85,"919 E Hillsdale Blvd 4th Floor, Foster City, CA 94404, USA",Qualys,"Foster City, CA",http://indeed.com//rc/clk?jk=f29de9414dc055a2&fccid=230fd3df850fa242,"Manager, Self-Service Support",37.55568299999999,-122.276914,No easy apply
86,"611 Industrial Rd # 8, San Carlos, CA 94070, USA",Bell Plumbing,"San Carlos, CA 94070",http://indeed.com//pagead/clk?mo=r&ad=-6NYlbfkN0AIMFLtsMUfPVU6_K3oJR1iKBQ_JyZditqNFzBsb8rH6o08w7VBTWYn02l_UHLXJVxpEAyGB3etS2-sOi5V4lieWHsOtyZS8UoNfx5ZqHv7uzfxIy_89H_TLBCVGzEiMTBxTL5qQaYCbXJyM0or6u_he5Z97tWtiIXA_GDV8B8WasbJ1f_50GsrOH_ZxHh9NRlq78i6sdfKL9l1cx2wAshZQDLWCXUbpbi8tJ46GgJKAueRDsDLIHZ-GC3ph9dQJ8hgFXDF7OOw6edMtzh3wUJ1Pb5_4rJfnRHarxi0k7usaH9ElnFw3CjmewFy59DmYZL3S-bw6XOtbI4jyAaQqXFSFbEbmQNe-2hD6SnKVZ2GuDntEQVtDn5cYCztJKNqoKSFHX6FsCJQnq2nKrxt95Q2iXZTNNg5VKg7j85rHIs8T3ChutHZdOnO8di8GdTIR8WUjF-BuIJvukmEZrdKzByy&p=4&sk=&fvj=1,Plumbing Apprentice,37.510981,-122.254399, Easily apply
87,"1291 E Hillsdale Blvd #303, Foster City, CA 94404, USA","IT Total Care, inc.","Foster City, CA",http://indeed.com//pagead/clk?mo=r&ad=-6NYlbfkN0BJRWwq8mIvnbXaXWtDRtzKdxr-NwlmTJp_UJQApckDblnPGFm5FLIOQqKX4qa7CZxoNmOGyJa4cqEpDrEJHV22ywzrWyr2-xRrDJ5x9mOyLfcDIy0LdJzSlDE_9pI0eN7JeG1R6gE9oI1ftIw9-fo2D-sch4Q3LFpM_NUpLsxsPpDv_lu4stxudlVeaG50GS-cuWt4zRQbowsn0cbixpW-k31fFpOATPMOyQXfdaxI7LWcCRFjDFyVM7Tt4C6Jye3r1JzMHsrssjBQFe76R1fCHbRX11NAUgze-7_3sOTWxLCm2H2eENn4hXeyMBGk2AVQ3gXc_gXt8yLplItyNL_J1CGZLsPkHHhOw2Y3_-vTdrfnZlC8oF2k8QCBjx2PRHR6b5gSZw28p-Y6kjWvtw9HzTLQXquFxmqAe4Fxd7Ung52h--lPVeJN2BR_N0pp_j2tVq34RyjwAj-AC2r1iPM8KAfItFv9P1R3EePd1dtpl-mS5fi2A9hNxb1dymXP9pQ=&p=5&sk=&fvj=1,"IT Desktop Support, Junior Network Admin (1+ yr experience)...",37.56952769999999,-122.2658182, Easily apply
88,"1291 E Hillsdale Blvd #303, Foster City, CA 94404, USA","IT Total Care, inc.","Foster City, CA",http://indeed.com//pagead/clk?mo=r&ad=-6NYlbfkN0BJRWwq8mIvnbXaXWtDRtzKdxr-NwlmTJp_UJQApckDblnPGFm5FLIOQqKX4qa7CZxoNmOGyJa4cqEpDrEJHV22ywzrWyr2-xRrDJ5x9mOyLfcDIy0LdJzSlDE_9pI0eN7JeG1R6gE9oI1ftIw9-fo2HuJyb-bs4zTfqtudXS6e2rksty9AIXBZcw7wvwg-4NZgZA9QcFbUQZeJdU39FV6pP5kmYLzgc6Ahhfp1rGrhhfiio2F27fJp-oGWx4zQNZ_DBxYLrS5rkK1hRxSWZm2I7WJ4lwtcD4dfGozVOggMxlFei2i0WpsP7OfB-wC4RiironwmCIwuVa8HAGEcxJgCAsmNxbVG8w0jdYUKGURCtfjLFIS65DcEL3LCmIZ6Rgaq-WrGqBMM_D0UJgLMymLwP_iysLDjHIotf7m1Da3V_hN_LZ_SJWjsCcAEVBqH8faxYgHiFRBjYOsUMfOsow7bWDL8-3HC5UQb2ZLGC3Qt0E_ze4IezqlLitvCIt3EGyo=&p=1&sk=&fvj=1,"IT Desktop Support, Junior Network Admin (1+ yr experience)...",37.56952769999999,-122.2658182, Easily apply
89,"901 Mariners Island Blvd, San Mateo, CA 94404, USA",Marketo,"San Mateo, CA 94401",http://indeed.com//pagead/clk?mo=r&ad=-6NYlbfkN0CDHA0cskWDw6ulROxA-XhgOwJzoznJz3OnEaqWXpfqA2G-Ljngt75sS5ZUfEhagVkd6-ZalNSWulLnimO_rM-IuUhBGJWmLzB-WD5ckw9f2BR5mMEI7BH6ZF2VZ1OYc0aXoAwApcnc-_jMkBDppipAz_61ZoeZQzCY8BZdjBlySQjpfqkEikMVnPunnpGHjxBwYg8i8Kwj6C5bj6BLXAd6TwrJETZKc7o1AmeApgFUHX-0wvxyiS96doNaW1NgOso4pjkBOViQj3T9DXfSSbjsAJy8jntsSQiq0c28sbfL008LycXuegO1-jJmnoY2Hp-qZRWndITAZ92zEU8eIpaZNXXEnsNVUSSQA6LBX00J1FPwguybwtiDFeC7BHYouMvxkgBVaHqQp4SMeiyO47zB91jad1zInW5EEKKWeGl3Og==&p=2&sk=&fvj=0,Elite Technical Support Engineer,37.5598266,-122.2870157,No easy apply
90,"177 Butcher Rd b, Vacaville, CA 95687, USA",Alois Staffing,"Foster City, CA",http://indeed.com//pagead/clk?mo=r&ad=-6NYlbfkN0AicyjOaq3aQt51-LWylxn7czz475Eld8pRjoSD8bSrmo51_lEXZmKGCQ4hxw1M7FScHdJ3q34qGLSr5rh5k374Y99fLE6gGoJLPgTa-r5078_TyFzkS6--LqOUANshMGgiX2TXEYUtUV897HhF_Q5NSNHZQlt2wXSgBIFuO6vmcaxAUe_L97JotjvlDcSheGc7TgkSTIjpvTH-2M6iZjsB19CIHl6bZlBjyf3FqbNfU33n_GYxSadf_6noHVHUV45zmqMclgVSLhvpKC1HH4GWV7X4tPE-ZhhAen3QmLMSkDc63pfN3rPaX-ueI1i5XtGjq1LZJZBEQBmVGjPjew5uTRUaMPqx1OR4Ri5sXaGnChzCcpi5PJow90ZKwh-aWegfcqcNinzVy4BjABxjP0ELnClfA_gy0Dg3AjIfI2ouAo9zPyB66o4nOHXXjQjy_ViVoRUE0uywjvIyhssAaIivY9LQ-sg8u00=&p=3&sk=&fvj=1,Technical Support Specialist - III,38.344562,-121.998199, Easily apply
91,"95 S Market St #220, San Jose, CA 95113, USA",KDInfotech,"San Bruno, CA",http://indeed.com//pagead/clk?mo=r&ad=-6NYlbfkN0CLhib7l7_ei2sM3TDX2sphTPGS0uQwbyPsMryYwAS_0FDgU-11-vLTDTjpqZeB5jDTpWh2CLYcmsFiaB2oA3QvulTUNvR44dVrfyN66kDl8EErmQn4SjK_8crcgPvKIQo9D0aKHSgZVPCNmtpkw__b0Y2t3BhOLLlPiJPrRwFdbzadaJgbM3wLL2a5kpbGRWggAx4yO6fDz_7Q3Qvq22gtu802AFAqLl5_gdoIhOkGgu-puAAQ0YTzhtW7WNBkbHKzw9NsPEusG0wKxduO36dYptfd_Q55yukU_JEqPSMoX97OI7LVfanY1a7GHBMnrNzt1v1mtAHVCoMnNnLEBkOjGwyeXqdyp66eznhhxE3Ke1hwMrHyHGOD_xfZvUuMnPZX-uHAtCMa4a0PS3pQzCj3CJNj7656IngULrMI0C2TZVehqWYphbHYksYnWCccb53JFniVZKRIokrInVH_6cf_&p=4&sk=&fvj=1,Senior Desktop Engineer,37.3337261,-121.8912345, Easily apply
92,"800 Foster City Blvd, Foster City, CA 94404, USA",Ronald C. Wornick Jewish Day School,"Foster City, CA",http://indeed.com//company/Ronald-C.-Wornick-Jewish-Day-School/jobs/IT-Support-Specialist-bd4557d709d8cb79?fccid=7be0a39f0301f2a1,IT Support Specialist,37.557884,-122.267131, Easily apply
93,"919 E Hillsdale Blvd 4th Floor, Foster City, CA 94404, USA",Qualys,"Foster City, CA",http://indeed.com//rc/clk?jk=f29de9414dc055a2&fccid=230fd3df850fa242,"Manager, Self-Service Support",37.55568299999999,-122.276914,No easy apply
94,"270 Industrial Rd, San Carlos, CA 94070, USA","Delta Star, Inc.","San Carlos, CA 94070",http://indeed.com//rc/clk?jk=eff2b840a5717115&fccid=3899e76c4e9ce0a3,Sr. Control Engineer,37.5157947,-122.2627062, Easily apply
95,"270 Industrial Rd, San Carlos, CA 94070, USA","Delta Star, Inc.","San Carlos, CA 94070",http://indeed.com//rc/clk?jk=4348e29c80616e6b&fccid=3899e76c4e9ce0a3,Control Engineer,37.5157947,-122.2627062, Easily apply
96,"501 Island Pkwy, Belmont, CA 94002, USA",Oracle,"Belmont, CA",http://indeed.com//rc/clk?jk=40a0a160244b6de3&fccid=cd22d01053af7669,Program Manager 3-ProdDev,37.5305081,-122.2689284,No easy apply
97,,Solana Recruitment Services,"San Mateo, CA 94404",http://indeed.com//rc/clk?jk=0190d3fc374b9c49&fccid=207b7a8121328687,Solar Field Service Technician Los Angeles,,, Easily apply
98,"201 Industrial Rd, San Carlos, CA 94070, USA",Natera,"San Carlos, CA 94070",http://indeed.com//rc/clk?jk=a93fccb0ebc6df6b&fccid=76d4cf3f28c81122,Senior Scientist (Ph.D.) Product Support,37.5192701,-122.2641319, Easily apply
99,"900 Metro Center Blvd, Foster City, CA 94404, USA",Visa,"Foster City, CA",http://indeed.com//rc/clk?jk=b5f3d58b90f4935a&fccid=a3f737e511d9fc8c,"Senior Director, Visa Developer Platform Client Onboarding PM",37.55925209999999,-122.2763649,No easy apply
100,"1501 Trousdale Dr, Burlingame, CA 94010, USA",Sutter Health,"Burlingame, CA",http://indeed.com//rc/clk?jk=4f5751a3dbcaa780&fccid=2ec9e0488117aa05,"HIM Lead- MPHS, Santa Cruz, Menlo Park",37.5921025,-122.3833422,No easy apply
101,,Panasonic Avionics,"San Francisco, CA 94128",http://indeed.com//rc/clk?jk=4c50b09009dcff3e&fccid=a1488be096cd2e3f,Lead Aviation Mechanic -SFO,,,No easy apply
102,"611 Industrial Rd # 8, San Carlos, CA 94070, USA",Bell Plumbing,"San Carlos, CA 94070",http://indeed.com//pagead/clk?mo=r&ad=-6NYlbfkN0AIMFLtsMUfPVU6_K3oJR1iKBQ_JyZditqNFzBsb8rH6o08w7VBTWYn02l_UHLXJVxpEAyGB3etS2-sOi5V4lieWHsOtyZS8UoNfx5ZqHv7uzfxIy_89H_TLBCVGzEiMTBxTL5qQaYCbXJyM0or6u_hWJavx8-qkyXPM4_HmVQMiUtH9Fy3lOC-17z5sR6mkW4tXqPu4FIEGN3XAObU7wctjspM6GhK73qtqQt90FNw7e7CpPeabYHv3CI6xPQ9RZYzbTD6fN8df_dYeAKp9VMLMuJe3NA2FBBMVLtn__iZJ8aMduxFVTP1bUSktcZQA36mshYWPtWkPs3Z_1a5eRXPGq-Hxy7ujgvCeyNQRnf-HGQCPzFJDd9_ibeGuEDC_51F3Cjjd5syIunpCt0IhLOTBDvUxKUa9FCqqgN575Jax4-BZfhoZosza8Az2BuqUi7XykSlryGZcV94a-fU6C3z&p=5&sk=&fvj=1,Plumbing Apprentice,37.510981,-122.254399, Easily apply
103,"611 Industrial Rd # 8, San Carlos, CA 94070, USA",Bell Plumbing,"San Carlos, CA 94070",http://indeed.com//pagead/clk?mo=r&ad=-6NYlbfkN0AIMFLtsMUfPVU6_K3oJR1iKBQ_JyZditqNFzBsb8rH6o08w7VBTWYn02l_UHLXJVxpEAyGB3etS2-sOi5V4lieWHsOtyZS8UoNfx5ZqHv7uzfxIy_89H_TLBCVGzEiMTBxTL5qQaYCbXJyM0or6u_hXMjQgzVNTzPDhisCPzTI8mNUQAMkRoXS5_d7AQ7ZDnVzSVAIFcssDgBiN6iERiw9H5yCyrHOvTcWa7lBclXkV4dsmFSvd2OUKBMqOFHl-jUeh2kIKURhn-cFpypVYYEu29nRzeYAPZ006dNDxd7kWxKMb3kzWbe6LiLnSDrL6X7ekKjBYqZapvSJ-lsnEna0cL6RAKg8jOSKjmUu-CMospb75jONEfyZpihMq52NlBchPACB849fBg14jl92a3jO04qjifnNqemlWUnO200QYKtru85o_bBDJ60v2bcsWYK8lT2OvfWzQm09IFxiNCZx&p=1&sk=&fvj=1,Plumbing Apprentice,37.510981,-122.254399, Easily apply
104,"177 Butcher Rd b, Vacaville, CA 95687, USA",Alois Staffing,"Foster City, CA",http://indeed.com//pagead/clk?mo=r&ad=-6NYlbfkN0AicyjOaq3aQt51-LWylxn7czz475Eld8pRjoSD8bSrmo51_lEXZmKGCQ4hxw1M7FScHdJ3q34qGLSr5rh5k374Y99fLE6gGoJLPgTa-r5078_TyFzkS6--LqOUANshMGgiX2TXEYUtUV897HhF_Q5N-xugnLCkMGWZXRgYri6xPZTJUcZnxHuESzig6ncj0YsC2MaapXWRWZ9AnAJrKGbFQEI960EN7jv4gyfAGzwUm8xbZb7C4MAKG1CyZ-QAtv4ys6WGBcQgf_1a0y_2Ui6n5psY9o_rK1o_VP6uHT7_hd5zGXJxcnpX3GEWA48c_tH_0AcXbeQSwl1MHcYCPUVlaAysZJ4tNoc0LrwywiT17XtgqNu9DJ0OmxK8qadiPD6A_GRfYSHrjANlF3P8e5N0xWD55oCCXGXLiuy_RnceT_18gcBAI4TpDemEg_sZwsgrMwpjM8oNov1CfMW0IgEZpI1tqOVgOR8=&p=2&sk=&fvj=1,Technical Support Specialist - III,38.344562,-121.998199, Easily apply
105,,Panasonic Avionics,"San Francisco, CA 94128",http://indeed.com//rc/clk?jk=4c50b09009dcff3e&fccid=a1488be096cd2e3f,Lead Aviation Mechanic -SFO,,,No easy apply
106,"500 Airport Blvd #365, Burlingame, CA 94010, USA",Acumen LLC,"Burlingame, CA 94010",http://indeed.com//rc/clk?jk=e386a173249b4302&fccid=d7c744248a9e6859,Business Systems Analyst II,37.5904514,-122.3413726,No easy apply
107,"475 Sansome St #15, San Francisco, CA 94111, USA",Oracle,"San Mateo, CA",http://indeed.com//rc/clk?jk=2b26ff9f2ce0d44b&fccid=cd22d01053af7669,Senior Program Director,37.79457319999999,-122.4019403,No easy apply
108,"501 Island Pkwy, Belmont, CA 94002, USA",Oracle,"Belmont, CA",http://indeed.com//rc/clk?jk=df3a8826810de72d&fccid=cd22d01053af7669,Program Mgmt Sr Manager-ProdDev,37.5305081,-122.2689284,No easy apply
109,"1355 Shoreway Rd, Belmont, CA 94002, USA",Jameco Electronics,"Belmont, CA 94002",http://indeed.com//company/Jameco-Electronics/jobs/Technical-Support-Representative-dca9eb8914cb0818?fccid=5e47ebf3aab71369,Technical Support Representative,37.5225511,-122.2648391, Easily apply
110,"3101 Skyway Ct, Fremont, CA 94539, USA","Milestone Technologies, Inc.","Foster City, CA",http://indeed.com//rc/clk?jk=639d40b49d0606f2&fccid=ddc8302c61072307,Sr. Desktop Support Analyst,37.5100102,-121.9430423,No easy apply
111,"1200 Park Pl, San Mateo, CA 94403, USA",Tesla,"San Mateo, CA",http://indeed.com//rc/clk?jk=be3b11926911c915&fccid=b5435bdc4be466ce,Knowledge Manager,37.5446839,-122.2901514,No easy apply
112,"333 Lakeside Dr, Foster City, CA 94404, USA",Gilead Sciences,"Foster City, CA",http://indeed.com//rc/clk?jk=38d11f65752ba9a0&fccid=e4b075354d7c2865,"Associate Manager, e-Discovery",37.5669611,-122.2816328,No easy apply
113,"100 Lexington St, Fort Worth, TX 76102, USA",Change Healthcare,"San Mateo, CA",http://indeed.com//rc/clk?jk=afb70287f4e4d9ca&fccid=b1bd9b34a39d5dcd,Sr. Software Engineer,32.7531071,-97.3406426,No easy apply
114,"533 Airport Blvd #318, Burlingame, CA 94010, USA",ABLSoft,"Burlingame, CA",http://indeed.com//rc/clk?jk=f6e7cb53be8c17ff&fccid=5b69200a294da688,Project/Product Manager,37.5899268,-122.3406158, Easily apply
115,"901 Mariners Island Blvd, San Mateo, CA 94404, USA",Marketo,"San Mateo, CA 94401",http://indeed.com//pagead/clk?mo=r&ad=-6NYlbfkN0CDHA0cskWDw6ulROxA-XhgOwJzoznJz3OnEaqWXpfqA2G-Ljngt75sS5ZUfEhagVkd6-ZalNSWulLnimO_rM-IuUhBGJWmLzB-WD5ckw9f2BR5mMEI7BH6ZF2VZ1OYc0aXoAwApcnc-_jMkBDppipAbKzJuvqWTxlIeCWDY5m0HZZUVI1NQ1w9kE09M6P0qM3PE2n93-i4ZHv20d9ug9AIl_4Q-exAU2eos17x29cAcNd1NIy6L5ODpemCYm_MzBP7dtUnASbyadcTdYZ9j7iUPvhPMmmg9tPz-9-IHVfOnMx6FtZcFYmGtloK_M12Q-LNJRih1-bFlQu0Ti9O7DGJ-w8bWINgvG_w642EO5au8BM-V-OCRAHyzZ34cvAu20aY3EwEW-VjNXvdgqCAX1D_tcZN2BOB6kds1IeMwcPE9Q==&p=3&sk=&fvj=0,Elite Technical Support Engineer,37.5598266,-122.2870157,No easy apply
116,"95 S Market St #220, San Jose, CA 95113, USA",KDInfotech,"San Bruno, CA",http://indeed.com//pagead/clk?mo=r&ad=-6NYlbfkN0CLhib7l7_ei2sM3TDX2sphTPGS0uQwbyPsMryYwAS_0FDgU-11-vLTDTjpqZeB5jDTpWh2CLYcmsFiaB2oA3QvulTUNvR44dVrfyN66kDl8EErmQn4SjK_8crcgPvKIQo9D0aKHSgZVPCNmtpkw__bEr0CpLT5vT0gdpKWEt2OWvYUL-aWGxL_FI11UrNciPahy_XF_Sk43QeaK3WTwNqWMAjRwmsou8KjuHtgrPxkjylH2yP-wHZPmd5nrHi6Ozytt7JTr8Zk21gwT6G765dnBQaoOCvPppFP8JH1JprsG8tR9y5MfpQDTMCvdEEl45lhkf0feoCMP_KDLxVBr0YPEIpW32aOrqrRwCra6qlytR5eW8zV9WXejxpI9bBwq9C_12ZiTBoM7HrCW5go2JGimq_oEmswS_WVJ3mONUJ46AVJDJrZ_LGqhotiXfS-AHj8XYGK9K1WkBajNW78sLKR&p=4&sk=&fvj=1,Senior Desktop Engineer,37.3337261,-121.8912345, Easily apply
117,"1291 E Hillsdale Blvd #303, Foster City, CA 94404, USA","IT Total Care, inc.","Foster City, CA",http://indeed.com//pagead/clk?mo=r&ad=-6NYlbfkN0BJRWwq8mIvnbXaXWtDRtzKdxr-NwlmTJp_UJQApckDblnPGFm5FLIOQqKX4qa7CZxoNmOGyJa4cqEpDrEJHV22ywzrWyr2-xRrDJ5x9mOyLfcDIy0LdJzSlDE_9pI0eN7JeG1R6gE9oI1ftIw9-fo2BW0sq6C9RHA3fLpHc5ZzkcQEHk7W45YxC9KJ3fNFTy083wbUrnlpXkMy9bCj2Wukb3Hzfy1eu1xUAGezXqi1LvVKDLxNGOMjHHHgKqTm7DgcT6YKphXDePJllJAgLTJZDfFxkg4TdcSXmKSD1uiWrdRXjwkWWSjF5SjyHgTDbyAAryZJ5irn1e2nMb4KT7dLL0lGBq6JHCHKyhjIlshlV03kaNyFtl7-_JqtQdqnS26wkYONy5YXRX9A8sthi4eCtRcy5bEbMYdAeagBB8CRQza-gNjbI1sDNsr04oVKIrLiXyRMF04w1bJQKHG4bhnhZVW-cddZeW6QS84cWGNokg6yBioiEeDGYLwdut-q2dg=&p=5&sk=&fvj=1,"IT Desktop Support, Junior Network Admin (1+ yr experience)...",37.56952769999999,-122.2658182, Easily apply
118,"611 Industrial Rd # 8, San Carlos, CA 94070, USA",Bell Plumbing,"San Carlos, CA 94070",http://indeed.com//pagead/clk?mo=r&ad=-6NYlbfkN0AIMFLtsMUfPVU6_K3oJR1iKBQ_JyZditqNFzBsb8rH6o08w7VBTWYn02l_UHLXJVxpEAyGB3etS2-sOi5V4lieWHsOtyZS8UoNfx5ZqHv7uzfxIy_89H_TLBCVGzEiMTBxTL5qQaYCbXJyM0or6u_hxEn-hIMdgSNksrC2Smt_8NyW7vN4dYofrhi-rnoXGiZMvCuArFEj2LEmWZrQmVolPVtKVY596QCEOnpmvClR6Oq5SlPp08KejWnihCU8JkzUqkcTFtzuz8vB7CJiwlMwGvde5lbvCzRBNvS3qMne6gtP87mcDZlkYGzZxCxsI1pIoallf_8k1ahRTiBP96WSQYC65KfP9iXt44GnQjzw_iUq5DbuBsfdBkf93BGFid1VmnV2Pt-G69xXn4h9zbh8qlCgpVh4DlY4geoB5H02uoxrMNYwbguBga4b5ef1ypgbUlgMZHBM5wqewORQORev&p=1&sk=&fvj=1,Plumbing Apprentice,37.510981,-122.254399, Easily apply
119,"177 Butcher Rd b, Vacaville, CA 95687, USA",Alois Staffing,"Foster City, CA",http://indeed.com//pagead/clk?mo=r&ad=-6NYlbfkN0AicyjOaq3aQt51-LWylxn7czz475Eld8pRjoSD8bSrmo51_lEXZmKGCQ4hxw1M7FScHdJ3q34qGLSr5rh5k374Y99fLE6gGoJLPgTa-r5078_TyFzkS6--LqOUANshMGgiX2TXEYUtUV897HhF_Q5N-xugnLCkMGVOXge9cQpQ1BRRnTntbKyeAfJl8Oo6_l-iKpHD2bziUtUdIwB7DqGU46HlkASzqO7anSmFzpSFI99u7DPq4yOjoN4vC6KxQwxIWGTC2BEjIcQKMlHB-VXH0h1y4wRcqrskc_AOrBiNz9aj3nOk5oRv1igkAP5LjeiiIxfk7MUsPQImLrdFWm7eIZNSzRJo2Wv11CCBZ5A4FmIrgviPXgYYCQWOWmNx3EZQ0dqCUjZx32TN-6nusJC09Mku5ZGUt7932KspUc28uEPTgRgxTuOZqFEp2AFx-QzAkPqRc44uZX00vxXbwrDdAVRPNIJYH1E=&p=2&sk=&fvj=1,Technical Support Specialist - III,38.344562,-121.998199, Easily apply
120,"1101 Shoreway Rd, Belmont, CA 94002, USA",Motel 6/Studio 6,"Belmont, CA",http://indeed.com//rc/clk?jk=48244929bf96536a&fccid=25678f5cb5b87938,Divisional Facility Manager,37.526225,-122.267545, Easily apply
121,"900 Metro Center Blvd, Foster City, CA 94404, USA",Visa,"Foster City, CA",http://indeed.com//rc/clk?jk=a68f2b89feea0ca9&fccid=a3f737e511d9fc8c,DevOPs Engineer,37.55925209999999,-122.2763649,No easy apply
122,"149 Park Rd, Burlingame, CA 94010, USA",Bank of the West,"Burlingame, CA 94010",http://indeed.com//rc/clk?jk=34b1a8e4439806bc&fccid=772dcd74d92a6864,"CRES Mortgage Banking Assistnt - Burlingame, CA",37.576936,-122.345717,No easy apply
123,"1875 S Grant St, San Mateo, CA 94402, USA",AlienVault,"San Mateo, CA",http://indeed.com//rc/clk?jk=5ad725292fd229e5&fccid=b9c4f623ac887584,Technical Support Engineer,37.5534578,-122.3001802,No easy apply
124,"177 Bovet Rd #450, San Mateo, CA 94402, USA",Cloudian,"San Mateo, CA",http://indeed.com//rc/clk?jk=5789ea397d2898e1&fccid=d089bc044375d58d,Senior Technical Support Engineer,37.5500861,-122.3173023,No easy apply
125,"128 N El Camino Real, San Mateo, CA 94401, USA",Adswizz,"San Mateo, CA 94401 (North Central area)",http://indeed.com//rc/clk?jk=c915daaeb3d386eb&fccid=773e861ec772acc4,Technical Support Engineer,37.5677008,-122.3308549, Easily apply
126,"2901 Tasman Dr #106, Santa Clara, CA 95054, USA",Akraya Inc.,"San Mateo, CA",http://indeed.com//company/Akraya-Inc./jobs/Technical-Support-Representative-d05c2dc2706693d0?fccid=474b9602e1305593,Technical Support Representative,37.4041345,-121.9790367, Easily apply
127,"900 Metro Center Blvd, Foster City, CA 94404, USA",Visa,"Foster City, CA",http://indeed.com//rc/clk?jk=1654e17b597f3b96&fccid=a3f737e511d9fc8c,Visa University Program Manager: Payments College,37.55925209999999,-122.2763649,No easy apply
128,"1510 Fashion Island Blvd #102, San Mateo, CA 94404, USA",Jolly Technologies,"San Mateo, CA",http://indeed.com//rc/clk?jk=8e6e174f54c8d699&fccid=bfa16c5710b0b8bd,"Technical Support Representative / Software Support Engineer (San Mateo, CA)",37.5578313,-122.2853129, Easily apply
129,"901 Mariners Island Blvd, San Mateo, CA 94404, USA",Marketo,"San Mateo, CA 94401",http://indeed.com//pagead/clk?mo=r&ad=-6NYlbfkN0CDHA0cskWDw6ulROxA-XhgOwJzoznJz3OnEaqWXpfqA2G-Ljngt75sS5ZUfEhagVkd6-ZalNSWulLnimO_rM-IuUhBGJWmLzB-WD5ckw9f2BR5mMEI7BH6ZF2VZ1OYc0aXoAwApcnc-_jMkBDppipAj-PyHOB4AXTIB2pp1BmkMx2_CVQGqBYtSsyA1DvPswvJ4fPLOlDAmG-teG2rFgXWAVxCQR0o25rsVWpAZq9JgKD_vs3kFUwlXk3Yy47PYTFDfuGfVVbxv4pTdoKiJuvZ0i-uLw3VGsXKYSp10cYFCaf9tnW07a3WElqXaIPs_uyWatCErTVIsePjnsca30D9UJgS66aWcszyW8FXtEaFxQG4pu6h0_86W4J36xPLJcpPRBO3_FegRo8FosBSWs1XeUahZCgit4N7PqzI2v5GyQ==&p=3&sk=&fvj=0,Elite Technical Support Engineer,37.5598266,-122.2870157,No easy apply
130,"95 S Market St #220, San Jose, CA 95113, USA",KDInfotech,"San Bruno, CA",http://indeed.com//pagead/clk?mo=r&ad=-6NYlbfkN0CLhib7l7_ei2sM3TDX2sphTPGS0uQwbyPsMryYwAS_0FDgU-11-vLTDTjpqZeB5jDTpWh2CLYcmsFiaB2oA3QvulTUNvR44dVrfyN66kDl8EErmQn4SjK_8crcgPvKIQo9D0aKHSgZVPCNmtpkw__b6wSM9ITR2vDhOQmvU6lNBy4SlioBqh3Xsyo9q1ZZVgqaycBsjZJj158R3Dd-oPtzowrSy72vxb4sK5curfESRBNvckvP-Kkp17TcEh74xkoY0GPBJAF8eUdVBO_OYvPiurVZ0Kc5fmB8OztgxUbpn0-F-oymmIE_brOs5sD1pG-2qqINdnHPsUnhhuYLZ29zGz0ySLdGQH9tCwM0qvt5Dx76J-rSlT0msqpY6SFmGkBxkS2dgAlvwC7sYKqX4Lhwb9HfmRq4xaLSPefKEKDIB3H5Y9tx_PwDd_qTaGnzvGkTxfrEX-mEjwJ5mFyPkR80&p=4&sk=&fvj=1,Senior Desktop Engineer,37.3337261,-121.8912345, Easily apply
131,"1291 E Hillsdale Blvd #303, Foster City, CA 94404, USA","IT Total Care, inc.","Foster City, CA",http://indeed.com//pagead/clk?mo=r&ad=-6NYlbfkN0BJRWwq8mIvnbXaXWtDRtzKdxr-NwlmTJp_UJQApckDblnPGFm5FLIOQqKX4qa7CZxoNmOGyJa4cqEpDrEJHV22ywzrWyr2-xRrDJ5x9mOyLfcDIy0LdJzSlDE_9pI0eN7JeG1R6gE9oI1ftIw9-fo2vetUxX-Yj8Ym7h7wmc23UeUA-YrCiqnEvLszjebu5nuD2g4yaZUrduBp6_-cX7K-yFjhDhkaL_SCtPtHYmzG6TycWREsF7m7vT4A6GMv1aopsxb6j17B_tAc0wSuLNitts3_4HvfD-RNqUXn8Y_vNJbM_jNBVN61jCieYplRvVX8KCtzDOnJdo_irXoOZHjkO180d2ymNnMA2gdRChm-kXLYa5oLY0RtIIROqlV5xbDY3wMN9g05CgPH4EiEHG4zcVoh5u0KAbVyIg63KdW-974oVJN3Va0q-Jqssq4YY8MeNxaRT-OMO2209_ZarocoWDcWtZlbWgI-g6WnSG5LmwJUdvIZ3CFRSSPmi7_wV-4=&p=5&sk=&fvj=1,"IT Desktop Support, Junior Network Admin (1+ yr experience)...",37.56952769999999,-122.2658182, Easily apply
132,,Audio-Visual Management Solutions,"San Mateo, CA 94402",http://indeed.com//pagead/clk?mo=r&ad=-6NYlbfkN0BAB2pUhYfwGVvDXogjDk2eCaTSEXXKCiP_ereAnCWfC1Cfybh-lVq_rKKvcG_v9XzHHcSTxMHpb-xZJ-Lcof0K5NyuZylqI0i2k9uapGCoUUOkAkbmHL82S8keC5x6mTbX2hLjuoe-tQJIYD-aY7aNmkXjqCNFTp_kG9FePcN4Xvd_jpZ53n4-YTO8hO9AULNN1XZX6p7d-fyMhuS1LGcTdRAByOJ4HvvqRZkbryv58XfsjrW22YylFoXM6Idki2q8Jiehs35PRClFocaKER6uEWxHukjcCz--YQu2vCRjXQGioEO_hF2Gz_iKSiCjcT6B2eMg5toZIcDTJPXVbVAOuxnY5u9Zd7UdzJdoYJvEuLfbuqmd4Xmn1Q1v-lkRnyZElYNAYbmvAXFJCHaJq0kaYr4BBAfz2TONaftJTjNs9in-gKdURgq5ItOg463xafwRw7uiTleuxOBIVhtugusoIjb4vawo9KAK5OD0qsB2lhM2iJnUG8XfFUF-DQPEIACwwB7aV2fa1ydQMuSjQvwI&p=6&sk=&fvj=0,Audio Visual Technician,,,No easy apply
133,"611 Industrial Rd # 8, San Carlos, CA 94070, USA",Bell Plumbing,"San Carlos, CA 94070",http://indeed.com//pagead/clk?mo=r&ad=-6NYlbfkN0AIMFLtsMUfPVU6_K3oJR1iKBQ_JyZditqNFzBsb8rH6o08w7VBTWYn02l_UHLXJVxpEAyGB3etS2-sOi5V4lieWHsOtyZS8UoNfx5ZqHv7uzfxIy_89H_TLBCVGzEiMTBxTL5qQaYCbXJyM0or6u_h_27fZW-rRh6QBol1dKGbVsu1hEku3Hi1YEPf5juXaT-QCVaUVsXFMGKEFld2x6Vqy51WbK-goxEMdtUCCQOykepljjGSCbzbvMU6gsbZKWUOa_hWFjI8Qx4lBfi0uZl83xg9Ms5T0OrJFJqonqy3W6QuT-46fRD9rtOj254IUbCAVguBPPUxRzln2BSiSK_V5i_YR52Fhz1ZUR9eTV3cbyKWY5-pZDfGld23w7wKpwUiq2kLc2UdY5SMauM4asRU7rS1Z1fRWzjLDDtZ-wnQPEgUcFsTKEyN-v4IKndYm3Fmt66g1ti1pLHtZgjblJLL&p=1&sk=&fvj=1,Plumbing Apprentice,37.510981,-122.254399, Easily apply
134,"177 Butcher Rd b, Vacaville, CA 95687, USA",Alois Staffing,"Foster City, CA",http://indeed.com//pagead/clk?mo=r&ad=-6NYlbfkN0AicyjOaq3aQt51-LWylxn7czz475Eld8pRjoSD8bSrmo51_lEXZmKGCQ4hxw1M7FScHdJ3q34qGLSr5rh5k374Y99fLE6gGoJLPgTa-r5078_TyFzkS6--LqOUANshMGgiX2TXEYUtUV897HhF_Q5NA_8K3ByYSKRveI2VaRBWKxLxmSO3qCUJZWbC1_zft6_N7SYB4fVszehjqWPmJtn4_p5aZGDhy4cIAhPnQtuf7apqpntQKEKynIbUf8rJiighKjhH8inYPHtV33V0H4n7ypMb1YNUZ5pLd3hlSGIecoRTcAh8ZzpDXLreK3_XB4_0Juzgj1fajYhmHm3aweIIxhv6Ma8Q2vcvtq3sxeFPlSEHa5L5smjQxnw4eV49D6QF5TdZErehPqY99iInd9lSocY1Y35fpVha2vitMqTItgMUh_F__zjMLVAOBEKH-_pyYOyLhiYR4y0OXI5V7r-GyMCfe7emF9I=&p=2&sk=&fvj=1,Technical Support Specialist - III,38.344562,-121.998199, Easily apply
135,"533 Airport Blvd #318, Burlingame, CA 94010, USA",ABLSoft,"Burlingame, CA",http://indeed.com//rc/clk?jk=f6e7cb53be8c17ff&fccid=5b69200a294da688,Project/Product Manager,37.5899268,-122.3406158, Easily apply
136,"1101 Shoreway Rd, Belmont, CA 94002, USA",Motel 6/Studio 6,"Belmont, CA",http://indeed.com//rc/clk?jk=48244929bf96536a&fccid=25678f5cb5b87938,Divisional Facility Manager,37.526225,-122.267545, Easily apply
137,"900 Metro Center Blvd, Foster City, CA 94404, USA",Visa,"Foster City, CA",http://indeed.com//rc/clk?jk=a68f2b89feea0ca9&fccid=a3f737e511d9fc8c,DevOPs Engineer,37.55925209999999,-122.2763649,No easy apply
138,"149 Park Rd, Burlingame, CA 94010, USA",Bank of the West,"Burlingame, CA 94010",http://indeed.com//rc/clk?jk=34b1a8e4439806bc&fccid=772dcd74d92a6864,"CRES Mortgage Banking Assistnt - Burlingame, CA",37.576936,-122.345717,No easy apply
139,"1875 S Grant St, San Mateo, CA 94402, USA",AlienVault,"San Mateo, CA",http://indeed.com//rc/clk?jk=5ad725292fd229e5&fccid=b9c4f623ac887584,Technical Support Engineer,37.5534578,-122.3001802,No easy apply
140,"177 Bovet Rd #450, San Mateo, CA 94402, USA",Cloudian,"San Mateo, CA",http://indeed.com//rc/clk?jk=5789ea397d2898e1&fccid=d089bc044375d58d,Senior Technical Support Engineer,37.5500861,-122.3173023,No easy apply
141,"128 N El Camino Real, San Mateo, CA 94401, USA",Adswizz,"San Mateo, CA 94401 (North Central area)",http://indeed.com//rc/clk?jk=c915daaeb3d386eb&fccid=773e861ec772acc4,Technical Support Engineer,37.5677008,-122.3308549, Easily apply
142,"2901 Tasman Dr #106, Santa Clara, CA 95054, USA",Akraya Inc.,"San Mateo, CA",http://indeed.com//company/Akraya-Inc./jobs/Technical-Support-Representative-d05c2dc2706693d0?fccid=474b9602e1305593,Technical Support Representative,37.4041345,-121.9790367, Easily apply
143,"900 Metro Center Blvd, Foster City, CA 94404, USA",Visa,"Foster City, CA",http://indeed.com//rc/clk?jk=1654e17b597f3b96&fccid=a3f737e511d9fc8c,Visa University Program Manager: Payments College,37.55925209999999,-122.2763649,No easy apply
144,"1510 Fashion Island Blvd #102, San Mateo, CA 94404, USA",Jolly Technologies,"San Mateo, CA",http://indeed.com//rc/clk?jk=8e6e174f54c8d699&fccid=bfa16c5710b0b8bd,"Technical Support Representative / Software Support Engineer (San Mateo, CA)",37.5578313,-122.2853129, Easily apply
145,"901 Mariners Island Blvd, San Mateo, CA 94404, USA",Marketo,"San Mateo, CA 94401",http://indeed.com//pagead/clk?mo=r&ad=-6NYlbfkN0CDHA0cskWDw6ulROxA-XhgOwJzoznJz3OnEaqWXpfqA2G-Ljngt75sS5ZUfEhagVkd6-ZalNSWulLnimO_rM-IuUhBGJWmLzB-WD5ckw9f2BR5mMEI7BH6ZF2VZ1OYc0aXoAwApcnc-_jMkBDppipAvRqopmjPz07hLFz7bZN9InDJhE8J4CXO97-9y7goGkameGQUNkFAS7sw8Cimn0OyOajFdOFFpz1hQ8ItoWECHytR46T0JLIY0gu_NBhq0HOfyJEgTJFKBFPxSosUOwEmJNHUGUgedElMIk4nEax7Doi7vwh_fE2VbBOUEo-bP535aKGR0xX08E34-KcOi-2JaoZyr2s4iTX58ie5v3WwoyvNlTYymCBT1LvZ6lvmUtsTW5ng-baOAn0aR5ssnnaOfug7Qczql0qRofnYNKFxaw==&p=3&sk=&fvj=0,Elite Technical Support Engineer,37.5598266,-122.2870157,No easy apply
146,"95 S Market St #220, San Jose, CA 95113, USA",KDInfotech,"San Bruno, CA",http://indeed.com//pagead/clk?mo=r&ad=-6NYlbfkN0CLhib7l7_ei2sM3TDX2sphTPGS0uQwbyPsMryYwAS_0FDgU-11-vLTDTjpqZeB5jDTpWh2CLYcmsFiaB2oA3QvulTUNvR44dVrfyN66kDl8EErmQn4SjK_8crcgPvKIQo9D0aKHSgZVPCNmtpkw__byMPVjsvJsy5Ek0nPl3hjLXrXKpEOkXjK_d0qha32A7jtTpSD7_1HbyTHeBlJTwlSGNjV8zh7sBdpUKFlccQ4ZKpZDAJSNxHsGE5rFF0l3dk5ghH9UwS27lSefWTGIscKt3hR-qe8w3nVM3n7t76kNKoiLmH1VclXNno79JsMWUZg8XUI-i3QwlzbUi8jSaEcHAoUEFPiB2xBcZajCLO3XTEe4BSP8zBOAajQFFIKKMRIl5LGfKYGzohMeL1XL5Fmd-owiH3n1ugzAXFLxNyjPuMfc5ZISrNxgQtuxjVvpN5jo3hh5AJ8Pl9OeEN1N0lM&p=4&sk=&fvj=1,Senior Desktop Engineer,37.3337261,-121.8912345, Easily apply
147,"1291 E Hillsdale Blvd #303, Foster City, CA 94404, USA","IT Total Care, inc.","Foster City, CA",http://indeed.com//pagead/clk?mo=r&ad=-6NYlbfkN0BJRWwq8mIvnbXaXWtDRtzKdxr-NwlmTJp_UJQApckDblnPGFm5FLIOQqKX4qa7CZxoNmOGyJa4cqEpDrEJHV22ywzrWyr2-xRrDJ5x9mOyLfcDIy0LdJzSlDE_9pI0eN7JeG1R6gE9oI1ftIw9-fo2ZxpdV4EAxBKg8Q9_hpl-E9C4cNBafrvwFthoGy2pYRT-hg1MoI8z9mTYPvSrOW8lDrRjWJSEfuuT_v2hCTld-A_qTjBJCQyjdjnRbTSI99vtbt5gNMKCpSqHjJrGO9-a-I7S5dMvh-jz9uWM-6rtTzjaTOE3XsI9hF9npVurhux6bPFloldrrLHg3vtBEQ4Qyeo4zT60fANXGKncGDdYulf9OpX8c13ElV8hwuOSKCzd9DAwimp8eGxp9mVghJ3Bn777_0n_4eSSjM5OMJQvV9BTw-PiHAwpgGULpCZaUZpatkdmRrPwZ0W85J6hjRlXWyunbIYfBphID-A_S1Uh-WxQWbLKZE_9R1Iul81QHNE=&p=5&sk=&fvj=1,"IT Desktop Support, Junior Network Admin (1+ yr experience)...",37.56952769999999,-122.2658182, Easily apply
